"Amherst","Amherst"
"Aurora","Aurora"
"Bar Harbor","Bar Harbor"
"Bar Harbr","Bar Harbr"
"Blue Hill","Blue Hill"
"Brooklin","Brooklin"
"Brooksville","Brooksville"
"Bucksport","Bucksport"
"Castine","Castine"
"Cranberry Isles","Cranberry Isles"
"Dedham","Dedham"
"Deer Isle","Deer Isle"
"Eastbrook","Eastbrook"
"Ellsworth","Ellsworth"
"Fletcher's Landing","Fletcher's Landing"
"Franklin","Franklin"
"Frenchboro","Frenchboro"
"Gouldsboro","Gouldsboro"
"Great Pond","Great Pond"
"Hancock","Hancock"
"Lamoine","Lamoine"
"Mariaville","Mariaville"
"Mount Desert","Mount Desert"
"Orland","Orland"
"Osborn","Osborn"
"Otis","Otis"
"Penobscot","Penobscot"
"Sedgwick","Sedgwick"
"Sorrento","Sorrento"
"Southwest Harbor","Southwest Harbor"
"Stonington","Stonington"
"Sullivan","Sullivan"
"Surry","Surry"
"Swan's Island","Swan's Island"
"Tremont","Tremont"
"Trenton","Trenton"
"Verona Island","Verona Island"
"Waltham","Waltham"
"Winter Harbor","Winter Harbor"
